MAE_mean,MAE_std,RMSE_mean,RMSE_std,R2_mean,R2_std
322.91004817965666,127.59981466113913,738.9996380018504,570.1896780826651,0.8895950809562141,0.12075330655227835
